"id","repository","sha","message","date","insertions","deletions","files_changed","in_main_branch","merge","dmm_unit_size","dmm_unit_complexity","dmm_unit_interfacing","time_mined","author_id","committer_id"
"1","aisepucrio/stnl-dataminer-api","2c043e7289c115f32b096529bd0846cc37888525","Initial commit","2024-08-16 14:19:38+00",236,0,7,True,False,NULL,NULL,NULL,"2025-03-24 14:07:21.805208+00","1","2"
"2","aisepucrio/stnl-dataminer-api","24a9db48f8009009efe35e3975da190d6214d07c","Delete tests/test_main.py","2024-08-16 14:21:24+00",0,0,1,True,False,NULL,NULL,NULL,"2025-03-24 14:07:22.104885+00","1","2"
"3","aisepucrio/stnl-dataminer-api","cf6c8bd63df085c9f419b6ae78b77f336ab44134","Delete src/main.py","2024-08-16 14:21:45+00",0,0,1,True,False,NULL,NULL,NULL,"2025-03-24 14:07:22.226181+00","1","2"
"4","aisepucrio/stnl-dataminer-api","24d3fe996138fa780aa54fa3eb26731a1b4cc090","Delete docs/project_documentation.md","2024-08-16 14:22:00+00",0,0,1,True,False,NULL,NULL,NULL,"2025-03-24 14:07:22.339526+00","1","2"
"5","aisepucrio/stnl-dataminer-api","ab8cee95c33704ca8e77eff131b4610af8c630a2","feat: Adicionar nova base da API

JIRA: [CSTONE-31][CSTONE-266]","2024-08-16 14:55:55+00",314,47,14,True,False,"1","1","1","2025-03-24 14:07:22.431868+00","3","3"
"6","aisepucrio/stnl-dataminer-api","27b2eaf814605305a417116dd6c4129cdef8f67c","Update: Reestruturei as pastas para que o manage.py fique na raiz do repositório

JIRA: [CSTONE-31][CSTONE-266]","2024-08-19 11:26:58+00",0,0,13,True,False,NULL,NULL,NULL,"2025-03-24 14:07:23.054834+00","3","3"
"7","aisepucrio/stnl-dataminer-api","29762216b8e98695faee4c115ea858f22125ec3c","feat: Adicionando informações iniciais do GitHub","2024-08-20 20:37:15+00",469,58,15,True,False,"0.49572649572649574","0.49572649572649574","0.405982905982906","2025-03-24 14:07:23.377592+00","4","4"
"8","aisepucrio/stnl-dataminer-api","aeaeef14bff9107e368f1b00b2721aa7f7c723d9","improv/feat: Melhorando a função de salvar o json localmente e adicionando funcionalidade para obter todas as informações de commits

JIRA: [CSTONE-271][CSTONE-275]","2024-08-23 12:37:12+00",384,245,21,True,False,"1","1","0.04054054054054054","2025-03-24 14:07:24.173847+00","4","4"
"9","aisepucrio/stnl-dataminer-api","edf1ae5128dc7df63b82c934b196c7ecd513f660","feat: Criação do App features

 JIRA: [CSTONE-271][CSTONE-266]","2024-08-23 13:16:18+00",19,0,9,True,False,NULL,NULL,NULL,"2025-03-24 14:07:25.336098+00","3","3"
"10","aisepucrio/stnl-dataminer-api","c442322904574362ad0de388455ab1bf2199a708","docs: Atualizando gitgnore

 JIRA: [CSTONE-271][CSTONE-266]","2024-08-23 13:18:46+00",1,0,1,True,False,NULL,NULL,NULL,"2025-03-24 14:07:25.861349+00","3","3"
"11","aisepucrio/stnl-dataminer-api","3a1bccde0e62a9b245fce5be845588c07f711245","Merge branch 'dev-lucas' into development","2024-08-23 13:20:37+00",624,55,0,True,True,NULL,NULL,NULL,"2025-03-24 14:07:25.961414+00","3","3"
"12","aisepucrio/stnl-dataminer-api","db8a024e60b9ebc98c5872c2e19e28a5728f539d","feat: Continuação da API

 JIRA: [CSTONE-271][CSTONE-266]","2024-08-23 13:35:48+00",10,2,2,True,False,NULL,NULL,NULL,"2025-03-24 14:07:26.016039+00","3","3"
"13","aisepucrio/stnl-dataminer-api","a36957e3251fbc4bf279c8e598da82a22467ca65","Criação do App Jira.

JIRA: [CSTONE-271][CSTONE-289]","2024-08-26 14:32:46+00",15,0,6,True,False,NULL,NULL,NULL,"2025-03-24 14:07:26.172523+00","5","5"
"14","aisepucrio/stnl-dataminer-api","9abd6df96c7156d62ac8a2c3d366c7c864443aba","Merge branch 'dev-breno' of https://github.com/aisepucrio/stnl-dataminer-api into dev-breno","2024-08-26 14:32:55+00",404,245,0,True,True,NULL,NULL,NULL,"2025-03-24 14:07:26.372868+00","5","5"
"15","aisepucrio/stnl-dataminer-api","21816cb1e1099f70e79e223b1d03dafe7f6ef281","feat: Continuação da API

 JIRA: [CSTONE-271][CSTONE-266]","2024-08-26 14:34:44+00",3585,0,6,True,False,"0.12578616352201258","0.24528301886792453","0.3710691823899371","2025-03-24 14:07:26.423985+00","3","3"
"16","aisepucrio/stnl-dataminer-api","340477e805d4f7296c2a89140855e2689af1803d","feat: Criação do App Jira

JIRA: [CSTONE-271][CSTONE-289]","2024-08-26 14:49:37+00",15,0,6,True,False,NULL,NULL,NULL,"2025-03-24 14:07:26.989368+00","5","5"
"17","aisepucrio/stnl-dataminer-api","50950ae5800ccb6aa898aa164bdf9d4b1760d884","feat: Refatoração do Rust

 JIRA: [CSTONE-271][CSTONE-286]","2024-08-26 15:05:39+00",1,0,1,True,False,NULL,NULL,NULL,"2025-03-24 14:07:27.222177+00","3","3"
"18","aisepucrio/stnl-dataminer-api","bb88b4457ca03c77bd2cb2d676cb50e7f26bda9a","feat: Refatoração do Rust

 JIRA: [CSTONE-271][CSTONE-286]","2024-08-26 15:06:58+00",2,0,1,True,False,NULL,NULL,NULL,"2025-03-24 14:07:27.313203+00","3","3"
"19","aisepucrio/stnl-dataminer-api","36291e11563502ec8854f6cff906882c2a8fdc2e","feat: Começando a aplicar o celery no projeto

JIRA: [CSTONE-271][CSTONE-274]","2024-08-26 16:25:44+00",290,255,6,True,False,"0","0","0","2025-03-24 14:07:27.416063+00","4","4"
"20","aisepucrio/stnl-dataminer-api","0670487c9d604d89dd893d8d351493f66d2d7c22","Merge branch 'dev-breno' of github.com:aisepucrio/stnl-dataminer-api into dev-breno","2024-08-26 16:25:53+00",15,0,0,True,True,NULL,NULL,NULL,"2025-03-24 14:07:28.137686+00","4","4"
"21","aisepucrio/stnl-dataminer-api","a7b8f815d6f561bc42ea85c9765f5eca37604a74","Merge branch 'development' of github.com:aisepucrio/stnl-dataminer-api into development","2024-08-26 16:31:08+00",3595,2,0,True,True,NULL,NULL,NULL,"2025-03-24 14:07:28.175873+00","4","4"
"22","aisepucrio/stnl-dataminer-api","e8985f597b581100ae3ae5efeab64966d53380b4","fix: Consertando o problema do servidor do Redis não iniciar

JIRA: [CSTONE-271][CSTONE-274]","2024-08-26 17:46:45+00",91,23,6,True,False,"0","1","0.6170212765957447","2025-03-24 14:07:28.239545+00","4","4"
"23","aisepucrio/stnl-dataminer-api","699bd04bd38bce8eac3440ae8fd95b6e64e4da85","fix: Algumas correções

JIRA: [CSTONE-271][CSTONE-274]","2024-08-26 18:00:40+00",3,1,2,True,False,NULL,NULL,NULL,"2025-03-24 14:07:28.77257+00","4","4"
"24","aisepucrio/stnl-dataminer-api","1d20ced5872bc0a5ae63ac80bf44b541b2be3cfe","feat: Criação dos modelos para as credenciais da API do Jira de um usuário e para as issues.

JIRA: [CSTONE-271][CSTONE-289]","2024-08-27 21:30:10+00",27,1,1,True,False,"1","1","1","2025-03-24 14:07:28.994413+00","5","5"
"25","aisepucrio/stnl-dataminer-api","729c0e372bbbc3b9e52b6d208046a7c186600107","feat: Criação das views de mineração de novas issues e de consulta de issues já mineradas e criação das URLs relacionadas às views criadas.

JIRA: [CSTONE-271][CSTONE-291]","2024-08-27 21:32:33+00",38,2,2,True,False,"1","1","0","2025-03-24 14:07:29.155697+00","5","5"
"26","aisepucrio/stnl-dataminer-api","03b2d15909f73f98ade49dbead5ad5df0b329e00","fix: Adição dos apps jira e features no arquivo settings.py no projeto Django.

JIRA: [CSTONE-271][CSTONE-291]","2024-08-27 21:34:02+00",2,0,1,True,False,NULL,NULL,NULL,"2025-03-24 14:07:29.335996+00","5","5"
"27","aisepucrio/stnl-dataminer-api","dabf8ffb997e67fa5d17f031b0ed6b42bbd6dd4d","feat: Criação do serializer do app do Jira.

JIRA: [CSTONE-271][CSTONE-291]","2024-08-27 21:37:21+00",7,0,1,True,False,NULL,NULL,NULL,"2025-03-24 14:07:29.50126+00","5","5"
"28","aisepucrio/stnl-dataminer-api","61e822fc50fe117edbf27a55751cc2c05d35d0d7","feat: Criação das tasks de mineração de issues e de coleta dos tipos de issues que existem em um projeto.

JIRA: [CSTONE-271][CSTONE-294]","2024-09-02 20:05:12+00",77,0,1,True,False,"0","0.3333333333333333","0","2025-03-24 14:07:29.616121+00","5","5"
"29","aisepucrio/stnl-dataminer-api","d8854ff424a191e46606a02cec7e9e573d34f041","ref: Remoção da classe de credenciais do Jira, de modo que as credenciais serão recebidas na requisição.

JIRA: [CSTONE-271][CSTONE-291]","2024-09-02 20:07:06+00",10,7,1,True,False,NULL,NULL,NULL,"2025-03-24 14:07:29.739581+00","5","5"
"30","aisepucrio/stnl-dataminer-api","7cc7aaad2a78aa43bb229888b3a92b75f8554d3a","feat: Criação das urls referentes às views de mineração de consulta.

JIRA: [CSTONE-271][CSTONE-291]","2024-09-02 20:08:18+00",6,4,1,True,False,NULL,NULL,NULL,"2025-03-24 14:07:29.868935+00","5","5"
"31","aisepucrio/stnl-dataminer-api","3dd99981e0e8c50a44dee2fea98b563e28ec8326","feat: Criação das views de coleta dos tipos de issues de um projeto, de mineração de issues e de deleção de issues do banco.","2024-09-02 20:09:06+00",40,7,1,True,False,"1","1","0","2025-03-24 14:07:29.987869+00","5","5"
"32","aisepucrio/stnl-dataminer-api","952022573127b3d3b78fb551ca8a74face90895d","fix: Adaptação do código para o caso de não receber os tipos de issue e as datas na requisição de mineração.

JIRA: [CSTONE-271][CSTONE-294]","2024-09-03 13:23:26+00",30,15,1,True,False,"0","0","0","2025-03-24 14:07:30.135914+00","5","5"
"33","aisepucrio/stnl-dataminer-api","df45536ac7b49a60364566dac4ec3525a3a955c1","Pequenas alterações","2024-09-03 13:25:42+00",4,4,2,True,False,NULL,NULL,NULL,"2025-03-24 14:07:30.267772+00","5","5"
"34","aisepucrio/stnl-dataminer-api","c80948d98dd7f884a7c77b8d56400ae583b69254","feat:add docker","2024-09-03 18:13:02+00",561,5,15,True,False,NULL,NULL,NULL,"2025-03-24 14:07:30.461259+00","6","6"
"35","aisepucrio/stnl-dataminer-api","8745f1c977e4384689d0591b2e116cdd276f0b96","Merge branch 'dev-diogo' into dev-breno-diogo","2024-09-03 18:22:15+00",562,2,0,True,True,NULL,NULL,NULL,"2025-03-24 14:07:30.803451+00","4","4"
"36","aisepucrio/stnl-dataminer-api","3132b5bac88fb657dcb3bc04d4fb1c2f37c24538","add comments","2024-09-04 11:12:52+00",451,12,25,True,False,"1","1","1","2025-03-24 14:07:30.850253+00","6","6"
"37","aisepucrio/stnl-dataminer-api","bd35697d093c78e50aec3de94b7e682b9145d1bd","solve redis-docker problem","2024-09-04 17:07:40+00",768,7,18,True,False,NULL,NULL,NULL,"2025-03-24 14:07:31.577976+00","6","6"
"38","aisepucrio/stnl-dataminer-api","45bc77b0f69933c16eb1a878dbc14d377f9b900e","Feat: Configuração de todo o banco de dados e implementação do código em Rust como biblioteca python

JIRA: [CSTONE-271][CSTONE-302]","2024-09-04 19:30:13+00",586,260,18,True,False,"1","1","1","2025-03-24 14:07:31.929505+00","3","3"
"39","aisepucrio/stnl-dataminer-api","dde1afd6dd26ab7080cf2523729813b136f82eb9","Feat: Merge dev-lucas

JIRA: [CSTONE-271][CSTONE-302]","2024-09-04 19:39:13+00",588,260,0,True,True,NULL,NULL,NULL,"2025-03-24 14:07:32.914971+00","3","3"
"40","aisepucrio/stnl-dataminer-api","49c0ce05c15f695e5b8bb69a26a38ce262d16316","test ok usage.py","2024-09-04 20:24:16+00",12300,10,20,True,False,"1","1","0.22","2025-03-24 14:07:32.983114+00","6","6"
"41","aisepucrio/stnl-dataminer-api","ae9e84e0c15638580da0557a455d865f7371879c","Adicionando as urls referenteS ao Jira.

JIRA: [CSTONE-271][CSTONE-294]","2024-09-09 12:42:45+00",6,5,2,True,False,NULL,NULL,NULL,"2025-03-24 14:07:34.234018+00","5","5"
"42","aisepucrio/stnl-dataminer-api","c6a65e42dcde47682bbd9815cd47f26b0c729b24","feat: Adição de paginação para que seja possível coletar mais de 100 issues de uma vez.

JIRA: [CSTONE-271][CSTONE-294]","2024-09-09 12:46:50+00",58,35,1,True,False,"0","0.21428571428571427","0","2025-03-24 14:07:34.459553+00","5","5"
"43","aisepucrio/stnl-dataminer-api","a12c34aae14aa34e5cb1e066dc2b89c0c2eea0a3","improv: Implementando recebimento dos tipos de issues a serem coletados na view.

JIRA: [CSTONE-271][CSTONE-294]","2024-09-09 12:48:55+00",10,7,1,True,False,"1","1","0","2025-03-24 14:07:34.663449+00","5","5"
"44","aisepucrio/stnl-dataminer-api","f6a6df4504ed0d8f310fc5b142512e9144264838","improv: Alteração do modelo referente aos Issuetypes.

JIRA: [CSTONE-271][CSTONE-289]","2024-09-10 20:25:28+00",5,5,1,True,False,NULL,NULL,NULL,"2025-03-24 14:07:34.868804+00","5","5"
"45","aisepucrio/stnl-dataminer-api","162c1aed3ab754324977dca86fd15910cc9592d0","improv: Correção de problemas na view mineração de issuetypes.

JIRA: [CSTONE-271][CSTONE-294]","2024-09-10 20:27:26+00",5,11,1,True,False,"0","0","1","2025-03-24 14:07:35.008767+00","5","5"
"46","aisepucrio/stnl-dataminer-api","371117e28db6731292e6c84dd4eb36797f2346a8","Modificações docker","2024-09-10 20:28:36+00",37,38,4,True,False,NULL,NULL,NULL,"2025-03-24 14:07:35.143285+00","7","7"
"47","aisepucrio/stnl-dataminer-api","728a4b07bd25317a47d9c3ad5e8444656b62f64b","improv: Adição do tratamento para não coletar issuetypes duplicados.

JIRA: [CSTONE-271][CSTONE-294]","2024-09-10 20:36:12+00",43,22,1,True,False,"0","0","0","2025-03-24 14:07:35.301998+00","5","5"
"48","aisepucrio/stnl-dataminer-api","441940226e00d969c73728e1dc0ce3a769189e05","feat: Refatoração do Rust

 JIRA: [CSTONE-271][CSTONE-286]","2024-09-11 20:14:48+00",1,0,1,True,False,NULL,NULL,NULL,"2025-03-24 14:07:35.450612+00","3","3"
"49","aisepucrio/stnl-dataminer-api","bf934f33960aaed6713150054b06d2234ef46e36","feat: Refatoração do Rust

 JIRA: [CSTONE-271][CSTONE-286]","2024-09-11 20:14:59+00",1,1,1,True,False,NULL,NULL,NULL,"2025-03-24 14:07:35.585535+00","3","3"
"50","aisepucrio/stnl-dataminer-api","ebf6989d7234cbb666577b1ecfa2eef73f7d9bf6","feat: Adicionando serializer para os issuetypes.

JIRA: [CSTONE-319][CSTONE-331]","2024-09-18 16:48:05+00",6,1,1,True,False,NULL,NULL,NULL,"2025-03-24 14:07:35.703854+00","5","5"
"51","aisepucrio/stnl-dataminer-api","bf2fd9b28639d0a98a4bfb72c88ac5d41074384b","feat: Criação das views relacionadas à coleta, consulta e deleção de issuetypes.

JIRA: [CSTONE-319][CSTONE-331]","2024-09-18 16:51:00+00",38,20,1,True,False,"1","1","0","2025-03-24 14:07:35.83942+00","5","5"
"52","aisepucrio/stnl-dataminer-api","ab47ba95d568701200771724e7674a0e6b83c76c","feat: Criação das urls relacionadas à coleta, consulta e deleção de issuetypes.

JIRA: [CSTONE-319][CSTONE-331]","2024-09-18 16:51:58+00",7,4,1,True,False,NULL,NULL,NULL,"2025-03-24 14:07:35.997386+00","5","5"
"53","aisepucrio/stnl-dataminer-api","df0abd7dcd8a420201174f7ec9fb478c3f9afc19","Merge branch 'dev-breno-diogo' into development","2024-09-19 19:08:14+00",14074,69,0,True,True,NULL,NULL,NULL,"2025-03-24 14:07:36.134073+00","6","6"
"54","aisepucrio/stnl-dataminer-api","928cf87dc42e4c75e84ab9160740555012e12915","Merge branch 'development' of https://github.com/aisepucrio/stnl-dataminer-api into development","2024-09-19 19:09:12+00",585,252,0,True,True,NULL,NULL,NULL,"2025-03-24 14:07:36.207238+00","6","6"
"55","aisepucrio/stnl-dataminer-api","b07387aa9cc6555845cf2a421d6688d783201b64","Merge branch 'dev-gabriel' into development","2024-09-19 19:30:45+00",272,5,0,True,True,NULL,NULL,NULL,"2025-03-24 14:07:36.271107+00","6","6"
"56","aisepucrio/stnl-dataminer-api","3e672139051c229e693a25e7ba5dc76c5406a590","Merge branch 'exemplo-docker' into development","2024-09-19 19:35:10+00",37,38,0,True,True,NULL,NULL,NULL,"2025-03-24 14:07:36.313657+00","6","6"
"57","aisepucrio/stnl-dataminer-api","b6bf379249aedcc28508eb1fb54cdf1e2ae1a160","docs: Removendo dados de mineração","2024-09-19 19:36:27+00",0,11105,4,True,False,NULL,NULL,NULL,"2025-03-24 14:07:36.359843+00","6","6"
"58","aisepucrio/stnl-dataminer-api","7b42bedad24c62559a26c817f18a24ebfa57bced","Definindo chaves primárias compostas para os modelos das issues e issuetypes no banco de dados.

JIRA: [CSTONE-319]","2024-10-01 18:30:57+00",13,2,1,True,False,NULL,NULL,NULL,"2025-03-24 14:07:36.809816+00","5","5"
"59","aisepucrio/stnl-dataminer-api","a77d4989aaa3bbfe5f6239557b3ecedf588a82a9","feat: Adicionando função de tartamento do campo ""description"".

JIRA: [CSTONE-319][CSTONE-355]","2024-10-01 18:32:10+00",21,2,1,True,False,"0.8461538461538461","0","0.8461538461538461","2025-03-24 14:07:36.953796+00","5","5"
"60","aisepucrio/stnl-dataminer-api","5b86a527d5eef60705bb185769dde129596323a6","feat: Tratamento dos custom fields.

JIRA: [CSTONE-319][CSTONE-356]","2024-10-01 21:47:36+00",61,16,1,True,False,"0.9310344827586207","0.9310344827586207","0.4482758620689655","2025-03-24 14:07:37.117898+00","5","5"
"61","aisepucrio/stnl-dataminer-api","fcaf4d9b4f29ea15a522a7a6f87a304b2ddb77e7","fix: Consertando algumas coisas no Jira","2024-10-11 16:16:49+00",1,3,2,True,False,NULL,NULL,NULL,"2025-03-24 14:07:37.346988+00","4","4"
"62","aisepucrio/stnl-dataminer-api","4166f92522180ce9f431d33212b2e00dde4e1d42","docs: Atualizando requirements","2024-10-11 16:19:10+00",0,0,1,True,False,NULL,NULL,NULL,"2025-03-24 14:07:37.592898+00","4","4"
"63","aisepucrio/stnl-dataminer-api","11b04a0d1e369f67773ea15d99b24559a91f258f","feat: Adaptação das views para utilizar o celery.

JIRA: [CSTONE-319][CSTONE-357]","2024-10-22 00:22:10+00",22,7,1,True,False,"0","1","0","2025-03-24 14:07:37.687027+00","5","5"
"64","aisepucrio/stnl-dataminer-api","3d668da487448515c880f48ac008bd25a3e993f3","feat: Criação do modelo de Task, das view de consulta e deleção de tasks e adaptação das tasks do Jira para utilizar o modelo de Task.

JIRA: [CSTONE-319][CSTONE-363]","2024-10-22 00:26:26+00",102,16,4,True,False,"0.5084745762711864","0.5084745762711864","0.1864406779661017","2025-03-24 14:07:37.85762+00","5","5"
"65","aisepucrio/stnl-dataminer-api","4a38eb2ad21e2b987d825143da3116bffbc4247d","fix: Consertando algumas coisas","2024-10-24 18:41:20+00",8,1,3,True,False,NULL,NULL,NULL,"2025-03-24 14:07:38.404705+00","4","4"
"66","aisepucrio/stnl-dataminer-api","8edc5d79d3d6f027e67a383cc95e615d2d61dfdb","fix: Consertando mais algumas coisas","2024-10-24 19:15:15+00",66,5,3,True,False,NULL,NULL,NULL,"2025-03-24 14:07:38.540848+00","4","4"
"67","aisepucrio/stnl-dataminer-api","3ec8d5935e6e49209e8b66c7e3223c28aaac4e00","fix/feat: Modificando o arquivos docker-compose e settings.py para lidar com o banco de dados, adicionando os testes automatizados pelo Django

JIRA: [CSTONE-320][CSTONE-367]","2024-10-26 22:43:45+00",63,116,4,True,False,"0","0","1","2025-03-24 14:07:38.709282+00","4","4"
"68","aisepucrio/stnl-dataminer-api","62fa293324e21c5a9e7f59011be5bfb344d34873","fix: Corrigindo conflitos de urls para as issues entre github e jira

JIRA: [CSTONE-320][CSTONE-367]","2024-10-26 23:08:13+00",6,7,2,True,False,"1","1","1","2025-03-24 14:07:39.092753+00","4","4"
"69","aisepucrio/stnl-dataminer-api","11d56d552c4ac3bfc0c140cbad3067e93627db5a","fix: Removendo arquivo inutilizado de testes

JIRA: [CSTONE-320][CSTONE-367]","2024-10-26 23:10:28+00",0,89,1,True,False,"0","0","0.6888888888888889","2025-03-24 14:07:39.423449+00","4","4"
"70","aisepucrio/stnl-dataminer-api","6c8f1b9346767f5cb9de45a760c6cba434787e11","feat: Adicionando uso do .env pelo Docker

JIRA: [CSTONE-320][CSTONE-368]","2024-10-27 03:23:26+00",109,45,4,True,False,"0.12244897959183673","0.9591836734693877","0.7551020408163265","2025-03-24 14:07:39.552758+00","4","4"
"71","aisepucrio/stnl-dataminer-api","61d1ceb87a4d2fcebbaacc5ffc1d84e681ca4111","feat:  Adicionando código para testar as filas

JIRA:  [CSTONE-320][CSTONE-336]","2024-10-28 01:52:01+00",58,1,2,True,False,"1","1","0","2025-03-24 14:07:40.113994+00","4","4"
"72","aisepucrio/stnl-dataminer-api","3487420362c368568ed82257eb7fdfad51ccb299","improv: Mudando alguns arquivos para tentar consertar conexão com o banco

JIRA: [CSTONE-320][CSTONE-369]","2024-10-28 17:03:02+00",16,2875,67,True,False,"0","0","0.7367758186397985","2025-03-24 14:07:40.352168+00","8","8"
"73","aisepucrio/stnl-dataminer-api","af4a3ae3c768875a3afed8808b60a79fc440008f","Voltando a versão anterior antes do celery estar implementado","2024-10-28 17:16:35+00",3,8,3,True,False,"0","0","1","2025-03-24 14:07:42.251729+00","5","5"
"74","aisepucrio/stnl-dataminer-api","33f8b2a2f21d4c93d69c9a47f432e53c1a25dae1","ref: Realizando a implementação do Celery novamente alterando a forma como os arquivos interagem entre si.

JIRA: [CSTONE-319][CSTONE-357]","2024-10-29 11:17:34+00",195,16,4,True,False,"0.2971014492753623","0.36231884057971014","0.2898550724637681","2025-03-24 14:07:42.713346+00","5","5"
"75","aisepucrio/stnl-dataminer-api","4b97e08a17ad22ac66c7de78e652a8f9446e54ea","feat: Implementando rotas de consulta e cancelamento de tasks.

JIRA: [CSTONE-319][CSTONE-363]","2024-10-29 11:18:48+00",61,2,2,True,False,"0.3548387096774194","1","0","2025-03-24 14:07:43.051566+00","5","5"
"76","aisepucrio/stnl-dataminer-api","8f6b4971c824d45a389b9cb8fa8e38b6422817c1","Merge branch 'dev-gabriel' into development","2024-10-29 11:41:58+00",335,28,0,True,True,NULL,NULL,NULL,"2025-03-24 14:07:43.222913+00","5","5"
"77","aisepucrio/stnl-dataminer-api","879614ef82348ed75459effc6adf38651154be21","Deleção do arquivo tasks.py do app Jira","2024-10-29 12:49:00+00",0,198,1,True,False,"0.7121212121212122","0.7954545454545454","0.8181818181818182","2025-03-24 14:07:43.262613+00","5","5"
"78","aisepucrio/stnl-dataminer-api","b0d3f25b281093f5a05fb565b472c282e483ac79","Merge branch 'dev-gabriel' of https://github.com/aisepucrio/stnl-dataminer-api into dev-gabriel","2024-10-29 12:54:10+00",0,6,0,True,True,NULL,NULL,NULL,"2025-03-24 14:07:43.41933+00","5","5"
"79","aisepucrio/stnl-dataminer-api","2ff774588d68924f203d1359b027517c50d29f12","Merge branch 'dev-breno' into development","2024-10-29 17:06:14+00",309,3122,0,True,True,NULL,NULL,NULL,"2025-03-24 14:07:43.458168+00","4","4"
"80","aisepucrio/stnl-dataminer-api","5f9ddfb92cbb8beba4b6fb71fda8ec732ddbb027","Merge branch 'development' into dev-gabriel","2024-10-29 17:37:08+00",309,3122,0,True,True,NULL,NULL,NULL,"2025-03-24 14:07:43.521972+00","5","5"
"81","aisepucrio/stnl-dataminer-api","19ad65d3f1ac2941ffe4545a4841e7dce5fc5994","feat: Adicionando endpoint para verificar status das tasks

JIRA: [CSTONE-320][CSTONE-370]","2024-10-30 21:47:59+00",132,35,6,True,False,"0.7746478873239436","1","0.43661971830985913","2025-03-24 14:07:43.57285+00","8","8"
"82","aisepucrio/stnl-dataminer-api","421f64dc23fb140b186b4177dda86db6f7a2d30c","Update README.md","2024-11-04 15:16:28+00",60,43,1,True,False,NULL,NULL,NULL,"2025-03-24 14:07:44.128704+00","9","2"
"83","aisepucrio/stnl-dataminer-api","d2e8ba9654ad24ed9bb000262ab4b363c26f423f","improv: Alterando coisas para que o app do jobs lide com a verificação das tasks do GitHub e JIRA","2024-11-04 16:40:53+00",11,26,7,True,False,"0","0","0","2025-03-24 14:07:44.226183+00","4","4"
"84","aisepucrio/stnl-dataminer-api","5478fd7350867497d40ddb068f34ba32b140f1e4","Remoção do App features","2024-11-08 09:15:37+00",1,3953,21,True,False,"0.43859649122807015","0.43859649122807015","0.05263157894736842","2025-03-24 14:07:44.58377+00","5","5"
"85","aisepucrio/stnl-dataminer-api","7cc25bcab3f393f86aa106d7ea947f7872864cac","feat: Adicionando verificação de tasks no test.py","2024-11-12 18:35:52+00",89,37,3,True,False,"0","0.45454545454545453","0.7575757575757576","2025-03-24 14:07:45.412753+00","4","4"
"86","aisepucrio/stnl-dataminer-api","b69197b2d317964ba201c4c861ca4c9ef63fd812","test: Alterações nos testes","2024-11-12 19:24:07+00",3,2,2,True,False,NULL,NULL,NULL,"2025-03-24 14:07:45.791548+00","5","5"
"87","aisepucrio/stnl-dataminer-api","b6e30811c3fd1f1943a675a2f5c2026d6a50bb6d","fix: Fazendo ajustes","2024-11-12 20:58:21+00",10,6,3,True,False,NULL,NULL,NULL,"2025-03-24 14:07:45.990315+00","4","4"
"88","aisepucrio/stnl-dataminer-api","3f76b3622c99e1a893cdae5e93edbe5b51d87562","fix: Consertando conexão externa ao banco de dados do Docker

JIRA: [CSTONE-320][CSTONE-395]","2024-11-12 22:27:32+00",187,89,6,True,False,"0.2545454545454545","0.18181818181818182","0.36363636363636365","2025-03-24 14:07:46.143351+00","4","4"
"89","aisepucrio/stnl-dataminer-api","e639ce35194f5b59e39e9b5ad07355cfab7d930d","fix: Consertando algumas coisas relacionadas a criação do banco","2024-11-13 20:17:53+00",123,9,3,True,False,NULL,NULL,NULL,"2025-03-24 14:07:46.788704+00","4","4"
"90","aisepucrio/stnl-dataminer-api","19e7920181c98459313608e2d44d39dfd09faff1","fix: Retirando parte das features

JIRA: [CSTONE-320][CSTONE-401]","2024-11-14 17:22:33+00",4,3953,22,True,False,"0.4411764705882353","0.4411764705882353","0.047058823529411764","2025-03-24 14:07:47.147733+00","4","4"
"91","aisepucrio/stnl-dataminer-api","598ab91e635c2d27988576a90bcc11c209378231","fix: Consertando a sobreposição de dados do GitHub

JIRA: [CSTONE-320][CSTONE-402]","2024-11-14 17:56:53+00",58,47,1,True,False,"0","0.2","0","2025-03-24 14:07:48.055551+00","4","4"
"92","aisepucrio/stnl-dataminer-api","72d71af1fd9b1450a1dd097d99a9656b60052339","fix: Consertando retorno da API para que retorne os dados obtidos

JIRA: [CSTONE-320][CSTONE-403]","2024-11-14 18:21:31+00",21,9,1,True,False,"1","1","1","2025-03-24 14:07:48.456937+00","4","4"
"93","aisepucrio/stnl-dataminer-api","2866b7b2e6b21b74704771473a0f401a47c92f6b","[improv] Adicionando pequenos detalhes","2024-11-25 14:53:31+00",19,6,3,True,False,"1","1","1","2025-03-24 14:07:48.613322+00","4","4"
"94","aisepucrio/stnl-dataminer-api","0f0228a410dd00fe4a45c8947461e0cbef613a7d","Ajustes conexão com o banco.","2024-11-27 15:09:48+00",13,12,2,True,False,NULL,NULL,NULL,"2025-03-24 14:07:48.863128+00","7","7"
"95","aisepucrio/stnl-dataminer-api","af4309801dbeb827e16f8e3d2c9d37fff66cf71a","[fix] Fazendo algumas correçõs no Dockerfile e start.sh","2024-12-06 14:51:17+00",37,3,2,True,False,NULL,NULL,NULL,"2025-03-24 14:07:49.02472+00","4","4"
"96","aisepucrio/stnl-dataminer-api","0898799e33d256252e0671702247a809bc7028f4","Merge branch 'dev-breno'","2024-12-06 14:52:18+00",1127,7165,0,True,True,NULL,NULL,NULL,"2025-03-24 14:07:49.124371+00","4","4"
"97","aisepucrio/stnl-dataminer-api","1aa2893278d9d3fe3afe4a9ff37413e6d547034a","[fix/docs] Consertando detalhes e melhorando README","2024-12-06 15:08:02+00",63,109,4,True,False,"1","0","0","2025-03-24 14:07:49.198282+00","4","4"
"98","aisepucrio/stnl-dataminer-api","279b5adbe92975dd903ec23999996d486f8d393b","[docs] Atualizando README","2024-12-06 15:14:26+00",34,1,1,True,False,NULL,NULL,NULL,"2025-03-24 14:07:49.363244+00","4","4"
"99","aisepucrio/stnl-dataminer-api","82fb05f052c06022c75c69d9522e05fd49e13ff9","Update README.md","2024-12-06 15:18:32+00",1,1,1,True,False,NULL,NULL,NULL,"2025-03-24 14:07:49.449203+00","9","2"
"100","aisepucrio/stnl-dataminer-api","974a2a06a1c7d8d69ee1e34ccd31958abcccc085","Update README.md","2024-12-17 17:39:34+00",53,53,1,True,False,NULL,NULL,NULL,"2025-03-24 14:07:49.556689+00","9","2"
"101","aisepucrio/stnl-dataminer-api","ddb3fb0fc25a167739935320fd08e0b6b22de78c","Update README.md","2024-12-17 18:27:20+00",5,1,1,True,False,NULL,NULL,NULL,"2025-03-24 14:07:49.655043+00","9","2"
"102","aisepucrio/stnl-dataminer-api","27b02edfc624a8a705ec39cfa4e3d6e82ffc904d","Update README.md","2024-11-04 15:16:28+00",60,43,1,True,False,NULL,NULL,NULL,"2025-03-24 14:07:49.753294+00","9","7"
"103","aisepucrio/stnl-dataminer-api","1fcb1aee6685e1164ceae4bf1975307a95480290","feat: Adicionando endpoint para verificar status das tasks

JIRA: [CSTONE-320][CSTONE-370]","2024-10-30 21:47:59+00",132,35,6,True,False,"0.7746478873239436","1","0.43661971830985913","2025-03-24 14:07:49.851844+00","8","7"
"104","aisepucrio/stnl-dataminer-api","aa67d1d2a855abf92b27449c3c8bdbc27d68eb17","improv: Alterando coisas para que o app do jobs lide com a verificação das tasks do GitHub e JIRA","2024-11-04 16:40:53+00",11,26,7,True,False,"0","0","0","2025-03-24 14:07:50.423994+00","4","7"
"105","aisepucrio/stnl-dataminer-api","1b0a8dfcfea511ced94222a439ab8b1d6b1cbf79","feat: Adicionando verificação de tasks no test.py","2024-11-12 18:35:52+00",81,33,2,True,False,"0","0.45454545454545453","0.7575757575757576","2025-03-24 14:07:51.00178+00","4","7"
"106","aisepucrio/stnl-dataminer-api","a65414f95be80c07e299a6294e33efa4ade61f99","fix: Consertando conexão externa ao banco de dados do Docker

JIRA: [CSTONE-320][CSTONE-395]","2024-11-12 22:27:32+00",185,87,4,True,False,"0.2545454545454545","0.18181818181818182","0.36363636363636365","2025-03-24 14:07:51.393067+00","4","7"
"107","aisepucrio/stnl-dataminer-api","0915ad5abff97053707160a6f61290888e132f07","fix: Consertando algumas coisas relacionadas a criação do banco","2024-11-13 20:17:53+00",123,9,3,True,False,NULL,NULL,NULL,"2025-03-24 14:07:51.977349+00","4","7"
"108","aisepucrio/stnl-dataminer-api","1faa8c11f03fe26c5b1126bbc350fd3ae46f41e2","fix: Retirando parte das features

JIRA: [CSTONE-320][CSTONE-401]","2024-11-14 17:22:33+00",6,6,3,True,False,"1","1","0","2025-03-24 14:07:52.357295+00","4","7"
"109","aisepucrio/stnl-dataminer-api","59a96d191638edaa48fedb698aa37e9106413413","fix: Consertando a sobreposição de dados do GitHub

JIRA: [CSTONE-320][CSTONE-402]","2024-11-14 17:56:53+00",58,47,1,True,False,"0","0.2","0","2025-03-24 14:07:52.66309+00","4","7"
"110","aisepucrio/stnl-dataminer-api","2d1125561c8412eb906cfa3be536f668b1065d21","fix: Consertando retorno da API para que retorne os dados obtidos

JIRA: [CSTONE-320][CSTONE-403]","2024-11-14 18:21:31+00",21,9,1,True,False,"1","1","1","2025-03-24 14:07:52.995816+00","4","7"
"111","aisepucrio/stnl-dataminer-api","e69217db4787e873a8490217bfa75a5ec96c8de8","[improv] Adicionando pequenos detalhes","2024-11-25 14:53:31+00",19,6,3,True,False,"1","1","1","2025-03-24 14:07:53.192322+00","4","7"
"112","aisepucrio/stnl-dataminer-api","08c4d60f84710bc5700dcdf8323c839ba3f39cfa","Ajustes conexão com o banco.","2024-11-27 15:09:48+00",11,10,2,True,False,NULL,NULL,NULL,"2025-03-24 14:07:53.604763+00","7","7"
"113","aisepucrio/stnl-dataminer-api","b4273e5299a3073e5f0f11ccd9a6bd85366f4936","[fix] Fazendo algumas correçõs no Dockerfile e start.sh","2024-12-06 14:51:17+00",37,3,2,True,False,NULL,NULL,NULL,"2025-03-24 14:07:53.75717+00","4","7"
"114","aisepucrio/stnl-dataminer-api","5a38ce5d9e3d02233b9d47fbc7e503e3bad52723","[fix/docs] Consertando detalhes e melhorando README","2024-12-06 15:08:02+00",63,109,4,True,False,"1","0","0","2025-03-24 14:07:53.872301+00","4","7"
"115","aisepucrio/stnl-dataminer-api","0e5d5806c54de5e8882405f999bad87fffb5f8ff","[docs] Atualizando README","2024-12-06 15:14:26+00",34,1,1,True,False,NULL,NULL,NULL,"2025-03-24 14:07:54.028302+00","4","7"
"116","aisepucrio/stnl-dataminer-api","5c95f143db0aa33ce71d7574549e055ad2688e76","Update README.md","2024-12-06 15:18:32+00",1,1,1,True,False,NULL,NULL,NULL,"2025-03-24 14:07:54.110141+00","9","7"
"117","aisepucrio/stnl-dataminer-api","2a33c00d379a9165e16f5ab83f2e79bc951217fe","Update README.md","2024-12-17 17:39:34+00",53,53,1,True,False,NULL,NULL,NULL,"2025-03-24 14:07:54.213862+00","9","7"
"118","aisepucrio/stnl-dataminer-api","3250082c01e588ae38fdc8562dfde31386815a87","Update README.md","2024-12-17 18:27:20+00",5,1,1,True,False,NULL,NULL,NULL,"2025-03-24 14:07:54.324924+00","9","7"
"119","aisepucrio/stnl-dataminer-api","4c11d8eb7b29f88b493a3ca9003d7c46c443de87","Merge remote-tracking branch 'origin/main' into development","2024-12-18 13:49:34+00",9,0,0,True,True,NULL,NULL,NULL,"2025-03-24 14:07:54.423677+00","7","7"
"120","aisepucrio/stnl-dataminer-api","f7d71782aefb41ed1798ff67024841e7f9393d74","Fix database connection.","2025-01-06 12:25:05+00",2,2,1,True,False,NULL,NULL,NULL,"2025-03-24 14:07:54.458986+00","7","7"
"121","aisepucrio/stnl-dataminer-api","9db90a1c710198d7d2d76c8df4fc226df03e96d5","Move example files to separate folder.","2025-01-06 12:28:13+00",2,2,2,True,False,NULL,NULL,NULL,"2025-03-24 14:07:54.584009+00","7","7"
"122","aisepucrio/stnl-dataminer-api","4c1ecd90e02fde22e51428b72cd9967cfea96df7","Remove git merge leftovers.","2025-01-06 15:00:30+00",0,4,1,True,False,NULL,NULL,NULL,"2025-03-24 14:07:54.68901+00","7","7"
"123","aisepucrio/stnl-dataminer-api","0ced5279145f1678db7157bf627e6614f309d954","improv: Alterando resposta da requisição do GitHub e agora o task_id é fornecido imediatamente após a requisição","2025-01-06 15:40:18+00",5,21,2,True,False,"0","0","0","2025-03-24 14:07:54.843349+00","4","4"
"124","aisepucrio/stnl-dataminer-api","ef1e0fd38f35fa06028b1f5a33c96067308ed06b","fix: Consertando o problema relacionado ao status das tasks sempre serem NULL","2025-01-06 18:36:51+00",252,72,6,True,False,"0","1","0.16296296296296298","2025-03-24 14:07:55.036818+00","4","4"
"125","aisepucrio/stnl-dataminer-api","6a7b9078cf807f4335b43739c90011cd23c62868","fix: Consertando o retorno PENDING de tasks não existentes (Conserto do retorno NULL de tasks)

JIRA : [CSTONE-320][CSTONE-396]","2025-01-06 18:49:59+00",32,8,1,True,False,"0","1","0","2025-03-24 14:07:55.613975+00","4","4"
"126","aisepucrio/stnl-dataminer-api","ca848da9017b53a2da9f0fafeff13528c0c5b522","improv: Alterar o retorno da API para o task_id e instruções de como usar o task_id

JIRA: [CSTONE-320][CSTONE-403]","2025-01-07 12:03:44+00",5,1,1,True,False,"1","1","1","2025-03-24 14:07:55.784136+00","4","4"
"127","aisepucrio/stnl-dataminer-api","dde3828b7f4d2987ed40359ab69dcf6bb4856b10","docs: Removendo comentários desnecessários","2025-01-07 14:21:50+00",1,13,2,True,False,NULL,NULL,NULL,"2025-03-24 14:07:55.917288+00","4","4"
"128","aisepucrio/stnl-dataminer-api","460ba425929c45a881bf48e79e043b01dfa33515","improv: Adicionando coluna sobre a informação do repositório que foi minerado e melhorando a verificação de tokens do GitHub","2025-01-07 16:10:47+00",100,7,3,True,False,"0.11627906976744186","0.20930232558139536","0.9302325581395349","2025-03-24 14:07:56.102585+00","4","4"
"129","aisepucrio/stnl-dataminer-api","aee6ee668bfe6982e806630c12f2ad71ef5520b9","fix/improv : Fazendo melhorias na validação do token e aumentando o limite de memória por worker do celery","2025-01-07 17:39:50+00",15,24,3,True,False,"0","0","0","2025-03-24 14:07:56.683556+00","4","4"
"130","aisepucrio/stnl-dataminer-api","791a3b55e14f22a526ca63219e89c562505f6327","Update README.md","2025-01-07 19:03:20+00",1,1,1,True,False,NULL,NULL,NULL,"2025-03-24 14:07:57.204183+00","7","2"
"131","aisepucrio/stnl-dataminer-api","44fe461858f8f7e16bc2478c7cb0b6f11806ad6c","docs: Atualizando README","2025-01-07 19:09:56+00",27,4,1,True,False,NULL,NULL,NULL,"2025-03-24 14:07:57.305659+00","4","4"
"132","aisepucrio/stnl-dataminer-api","c1868ba249cd7d10e7fa0ed21be073884cc118ab","Merge branch 'development' of github.com:aisepucrio/stnl-dataminer-api into development","2025-01-07 19:10:12+00",1,1,0,True,True,NULL,NULL,NULL,"2025-03-24 14:07:57.410536+00","4","4"
"133","aisepucrio/stnl-dataminer-api","877c13d27bf2e1ea4731e92bdb867d6db4bad65e","docs: Atualizando README","2025-01-07 19:14:18+00",1,1,1,True,False,NULL,NULL,NULL,"2025-03-24 14:07:57.4391+00","4","4"
"134","aisepucrio/stnl-dataminer-api","16df51621e606f42d184144b12113ff7a3f6ff5b","docs: Atualizando README","2025-01-07 19:19:58+00",2,0,1,True,False,NULL,NULL,NULL,"2025-03-24 14:07:57.528395+00","4","4"
"135","aisepucrio/stnl-dataminer-api","1aa031df0d169f76144f46407ca75a7a63d17286","docs: Atualizando README","2025-01-07 19:25:03+00",2,1,1,True,False,NULL,NULL,NULL,"2025-03-24 14:07:57.606567+00","4","4"
"136","aisepucrio/stnl-dataminer-api","9df0b1069ebd393c3a11d3c23cff395ee5d278f1","docs: Atualizando README","2025-01-07 19:27:15+00",4,4,1,True,False,NULL,NULL,NULL,"2025-03-24 14:07:57.687138+00","4","4"
"137","aisepucrio/stnl-dataminer-api","8270ca742423d6f09882174c7a3275d7ed495941","docs: Atualizando README","2025-01-07 19:36:50+00",6,6,1,True,False,NULL,NULL,NULL,"2025-03-24 14:07:57.768648+00","4","4"
"138","aisepucrio/stnl-dataminer-api","93e14b1f53df61ab4a301d5599be648e53e9ab96","docs: Atualizando README","2025-01-07 19:46:52+00",14,1,1,True,False,NULL,NULL,NULL,"2025-03-24 14:07:57.844412+00","4","4"
"139","aisepucrio/stnl-dataminer-api","ed0fa274ef026e2afffa4ca353125886dab06371","docs: Atualizando README","2025-01-07 19:53:41+00",37,9,1,True,False,NULL,NULL,NULL,"2025-03-24 14:07:57.920752+00","4","4"
"140","aisepucrio/stnl-dataminer-api","f1c3204ccea827db0ba7b908303e4450599e7477","Add swagger","2025-01-08 13:52:35+00",25,9,5,True,False,"0","0","0","2025-03-24 14:07:57.992725+00","7","7"
"141","aisepucrio/stnl-dataminer-api","142e28628cafd2ef1bce9eb4b1e53b4cca9c53c7","Merge remote-tracking branch 'origin/development' into development","2025-01-08 13:54:13+00",144,49,0,True,True,NULL,NULL,NULL,"2025-03-24 14:07:58.196319+00","7","7"
"142","aisepucrio/stnl-dataminer-api","7dd6181d2d48ec66f04c510ce918686c8148c451","Add .gitattributes","2025-01-08 13:57:24+00",2,0,1,True,False,NULL,NULL,NULL,"2025-03-24 14:07:58.24053+00","7","7"
"143","aisepucrio/stnl-dataminer-api","ac5dcdabdaee04ce14f3c1ed55597bb2ec2b7fc0","Update gitattributes","2025-01-08 14:00:55+00",31,2,1,True,False,NULL,NULL,NULL,"2025-03-24 14:07:58.349621+00","7","7"
"144","aisepucrio/stnl-dataminer-api","ca8f6a3242920f0957cbd685ec062db1fb9bbf0c","feat: Começando a implementação de Generic Views para criação de rotas de consulta ao banco

JIRA: [CSTONE-320][CSTONE-452]","2025-01-08 15:32:58+00",103,8,3,True,False,"1","1","1","2025-03-24 14:07:58.467556+00","4","4"
"145","aisepucrio/stnl-dataminer-api","932bdebdd6434a09264c0eba602fc6804a48c816","Add swagger","2025-01-08 13:52:35+00",25,9,5,True,False,"0","0","0","2025-03-24 14:07:58.738509+00","7","7"
"146","aisepucrio/stnl-dataminer-api","b53182ca3b3ff5e2b4505e4257df09185bea8a1a","Add .gitattributes","2025-01-08 13:57:24+00",2,0,1,True,False,NULL,NULL,NULL,"2025-03-24 14:07:58.999427+00","7","7"
"147","aisepucrio/stnl-dataminer-api","f97e7e20390dc5c29be4f91bd5ea700aefb70d0c","Update gitattributes","2025-01-08 14:00:55+00",31,2,1,True,False,NULL,NULL,NULL,"2025-03-24 14:07:59.075487+00","7","7"
"148","aisepucrio/stnl-dataminer-api","14bda195098a96b1020a720e1a6f1329e61bd72b","fix: Adicionando opçõs de filtro nas consultas do banco de dados","2025-01-08 19:36:22+00",2271,8,9,True,False,"1","1","0","2025-03-24 14:07:59.176305+00","4","4"
"149","aisepucrio/stnl-dataminer-api","236e0b889b30fcb5ad4fa2c6bd0ef3978b4e01c8","[docs] Atualização do README","2025-01-13 08:14:28+00",170,38,1,True,False,NULL,NULL,NULL,"2025-03-24 14:07:59.721718+00","5","5"
"150","aisepucrio/stnl-dataminer-api","cb9216ff32446f7f857c20460b70c005486a17fd","[fix] Consertando problemas na minerção com datas e na extração do texto de descrição das tarefas.","2025-01-13 08:16:20+00",53,21,1,True,False,"0.8333333333333334","1","0.4166666666666667","2025-03-24 14:07:59.838894+00","5","5"
"151","aisepucrio/stnl-dataminer-api","812449fbbe35717b82ae8baca3aa10910c5c1ea4","[ref] Alterando o parâmetro utilizado para deletar ou consultar uma issue específica do banco de dados para issue_key.","2025-01-13 08:17:39+00",5,5,3,True,False,NULL,NULL,NULL,"2025-03-24 14:08:00.053681+00","5","5"
"152","aisepucrio/stnl-dataminer-api","4bdaccdc0f2712ec5a22a3eab9d2f19b6506eb41","[ref] Reorganização da tabela e remoção do campo reporter.","2025-01-13 09:04:40+00",17,19,2,True,False,NULL,NULL,NULL,"2025-03-24 14:08:00.544247+00","5","5"
"153","aisepucrio/stnl-dataminer-api","12fe9250c194f3394e6386cdc5b7af98a6b382f3","[fix] Consertando a problema ao informar apenas a data de início ou apenas a data de fim.

[improv] Melhoria da função de validadção no formato das datas, passando a aceitar data com ou sem horas e minutos.","2025-01-13 09:30:16+00",16,9,1,True,False,"0.5","0.5","1","2025-03-24 14:08:00.762071+00","5","5"
"154","aisepucrio/stnl-dataminer-api","45d5663d6fde4dd888199d9e581bfe9231552cf7","[docs] Atualização do README","2025-01-13 09:34:45+00",3,3,1,True,False,NULL,NULL,NULL,"2025-03-24 14:08:01.023838+00","5","5"
"155","aisepucrio/stnl-dataminer-api","b526811b36b4be98669d16f5a5c86033bb26aa68","Merge branch 'development' of github.com:aisepucrio/stnl-dataminer-api into development","2025-01-13 11:56:05+00",308,95,0,True,True,NULL,NULL,NULL,"2025-03-24 14:08:01.123569+00","4","4"
"156","aisepucrio/stnl-dataminer-api","bc4d2d4a4036783525cc660ca3db4dc42753fa92","improv: Mudando formato do nome de metodos no banco","2025-01-13 13:44:46+00",1,2123,2,True,False,NULL,NULL,NULL,"2025-03-24 14:08:01.166507+00","4","4"
"157","aisepucrio/stnl-dataminer-api","30dd45d7791671537fc161b34063c0bfdba8e114","[ref] Modificando retorno das requisições para issues, PRs e branches para que fique igual a de commits","2025-01-13 15:06:54+00",33,3,2,True,False,"1","1","1","2025-03-24 14:08:01.580247+00","4","4"
"158","aisepucrio/stnl-dataminer-api","259517812aa35c1774e18660aa3fbe2cf496d9f1","Merge branch 'database-query' into development","2025-01-13 15:17:03+00",282,16,0,True,True,NULL,NULL,NULL,"2025-03-24 14:08:01.781079+00","4","4"
"159","aisepucrio/stnl-dataminer-api","d87c7ca34ab88b189d7ba14681bc8e7ab4e64c1b","[fix] Consertando o retorno nulo de comments para as issues e retorno nulo de commits e comments para PRs","2025-01-13 16:06:43+00",62,9,1,True,False,"0","0","0","2025-03-24 14:08:01.812545+00","4","4"
"160","aisepucrio/stnl-dataminer-api","a7975ae09b17d6cd18361f1cedf02c6fd4733928","[ref] Remoção das rotas de mineração de issuetypes e adição do campo issuetype_description na tabela de issues.","2025-01-13 19:13:38+00",12,141,6,True,False,"0.7560975609756098","0.34146341463414637","0.6219512195121951","2025-03-24 14:08:02.195868+00","5","5"
"161","aisepucrio/stnl-dataminer-api","765c2e56613df5c251627dadcd469cc50d5b4e33","Removendo a rota de deleção de issues","2025-01-13 19:15:27+00",3,13,2,True,False,"0","0","1","2025-03-24 14:08:02.874165+00","5","5"
"162","aisepucrio/stnl-dataminer-api","f0691c6503e49c0c6d25ea92cd74336d2368ef0a","[test] Adicionando arquivos de testes para nova forma de minerar PRs e verificação de requisições restantes em tokens","2025-01-15 17:28:03+00",380,0,3,True,False,"0.18181818181818182","0.8143939393939394","0.5378787878787878","2025-03-24 14:08:02.996799+00","4","4"
"163","aisepucrio/stnl-dataminer-api","5e4e1c30b6331dc4a68169831487b90525e27274","[improv] Fazendo melhoria nos testes de mineração de PRs","2025-01-15 18:23:07+00",46,23,1,True,False,"0","0.8461538461538461","0.8461538461538461","2025-03-24 14:08:03.214338+00","4","4"
"164","aisepucrio/stnl-dataminer-api","4c7a26702326dc644ebcf4fff611ab24c136a6a3","[improv][test] Agora o teste de mineração de PRs está dividindo o intervalo de datas em pequenos intervalos para que não ocorra o problema da API só retornar as primeiras 1000 PRs","2025-01-15 18:39:53+00",301412,6,2,True,False,"0.34375","0","0.65625","2025-03-24 14:08:03.421297+00","4","4"
"165","aisepucrio/stnl-dataminer-api","8cf9ec402f0651c9dc0194ecfee01ac094b8868f","[att] Atualizando teste de mineração de PRs","2025-01-15 20:10:35+00",3,3,1,True,False,NULL,NULL,NULL,"2025-03-24 14:08:06.73078+00","4","4"
"166","aisepucrio/stnl-dataminer-api","6fb9dba35ab08ba9362510af118fe612b5395623","[test] Adicionado dois tipos de mineração de PR para testes, um básico e outro complexo","2025-01-16 13:52:36+00",4426,301420,7,True,False,"0.22692307692307692","0.5230769230769231","0.5307692307692308","2025-03-24 14:08:06.96786+00","4","4"
"167","aisepucrio/stnl-dataminer-api","8e6d1542eb15eee0e2e4e858d3e3bdc661800a49","[ref] refatorando os códigos de testes para minerar PRs","2025-01-16 15:10:21+00",15209,4040,5,True,False,"0","0","1","2025-03-24 14:08:10.299822+00","4","4"
"168","aisepucrio/stnl-dataminer-api","3ecd9b1845fa1e7e23e57657404c49622b10ff2b","[feat] Iniciando implementação da nova forma de obtenção de features","2025-01-16 15:37:25+00",1456,10579,4,True,False,"0.4714285714285714","0.4","0.4714285714285714","2025-03-24 14:08:11.173901+00","4","4"
"169","aisepucrio/stnl-dataminer-api","d66c008a9f98225c70708776a24cb7fdd16755f0","[feat] Implementando divisão do intervalo de datas","2025-01-16 15:53:16+00",11108,5996,3,True,False,"0.9333333333333333","0.9333333333333333","0","2025-03-24 14:08:12.086169+00","4","4"
"170","aisepucrio/stnl-dataminer-api","ac5dbabd455eb6d6bae11bbca83dfe0ef0e9d5e9","[docs] Retirando arquivo de mineração","2025-01-16 16:04:35+00",0,10991,1,True,False,NULL,NULL,NULL,"2025-03-24 14:08:12.747055+00","4","4"
"171","aisepucrio/stnl-dataminer-api","d045e008c6d1661a0c3ad04a5cd4d4828734f75e","[fix] Adicionando informação do número de PR para salvar no banco","2025-01-16 17:32:04+00",21,1,3,True,False,"0","0","0","2025-03-24 14:08:13.025347+00","4","4"
"172","aisepucrio/stnl-dataminer-api","fc9afda469f3d55161ed4a23588ba940f1587046","[logs][improv] Adicionando mais log e melhorando a forma com que eles são feitos","2025-01-16 18:00:22+00",37,46,1,True,False,"1","1","1","2025-03-24 14:08:13.6273+00","4","4"
"173","aisepucrio/stnl-dataminer-api","cccac6626d6d0912c14c2e4d8347451478537805","[fix] Recolocando adição ao banco","2025-01-16 18:07:12+00",23,1,1,True,False,"0","0","0","2025-03-24 14:08:14.164899+00","4","4"
"174","aisepucrio/stnl-dataminer-api","ab6a6375f4bfd64fe687872284e8648358620dfc","[fix] Consertando alguns detalhes ao salvar dados no banco","2025-01-16 18:31:15+00",70,14,3,True,False,"1","1","1","2025-03-24 14:08:14.606456+00","4","4"
"175","aisepucrio/stnl-dataminer-api","dfbab76bdd36afbb4c145d1bc141a76bcdee6af8","[docs] Retirando arquivo de mineração","2025-01-16 19:01:28+00",0,10991,1,True,False,NULL,NULL,NULL,"2025-03-24 14:08:15.253279+00","4","4"
"176","aisepucrio/stnl-dataminer-api","4de7e4e7482626e33b903ab3c27562f425d0b788","Merge branch 'development'","2025-01-16 19:08:14+00",123,34,0,True,True,NULL,NULL,NULL,"2025-03-24 14:08:15.51633+00","4","4"
"177","aisepucrio/stnl-dataminer-api","3a3d4a73ece59f90920963d5a33521fd633b5be8","[feat] Adicionando mais informações de issues na mineração e armazenamento de dados","2025-01-16 19:28:28+00",173,20,3,True,False,"0","0","0","2025-03-24 14:08:15.557725+00","4","4"
"178","aisepucrio/stnl-dataminer-api","513015c4562a68926dde9132fe6aa0998dbdf8fa","[logs] Melhorando logs ao realizar mineração de issues","2025-01-16 19:32:45+00",19,4,1,True,False,"0","0","0","2025-03-24 14:08:16.212979+00","4","4"
"179","aisepucrio/stnl-dataminer-api","299fa4abcfc08263c90bb8baedbc9076313f7f6b","Merge branch 'development'","2025-01-16 19:35:38+00",191,23,0,True,True,NULL,NULL,NULL,"2025-03-24 14:08:16.653827+00","4","4"
"180","aisepucrio/stnl-dataminer-api","b55214768b7e9ef0d09ecad3a5e094f0693be71e","[feat] Começando o reparo da mineração de issues","2025-01-16 19:59:25+00",1,30,3,True,False,"1","0","0","2025-03-24 14:08:16.693413+00","4","4"
"181","aisepucrio/stnl-dataminer-api","f91ff804b484715690a10f85292e9d0dafbe5b90","Atualização dos models","2025-01-17 07:34:00+00",3,36,2,True,False,NULL,NULL,NULL,"2025-03-24 14:08:17.198927+00","5","5"
"182","aisepucrio/stnl-dataminer-api","9c1171372f2582af4c3c5677ff64485097941b56","Adição dos filtros e padronização do retorno entre a parte do Jira e do GitHub quando uma task é iniciada.","2025-01-17 08:26:22+00",43,8,3,True,False,"0","1","0","2025-03-24 14:08:17.377178+00","5","5"
"183","aisepucrio/stnl-dataminer-api","f5459f9378b58966db88c659a7fc0f19cab1ae71","Atualização do README","2025-01-17 08:26:31+00",61,17,1,True,False,NULL,NULL,NULL,"2025-03-24 14:08:17.669296+00","5","5"
"184","aisepucrio/stnl-dataminer-api","ee6cb742ba0c040f6831c78717ac47082c45d4cd","[fix] Adicionando novo endpoint de mineração de issues e um parser de json para verificar data de criação

JIRA: [CSTONE-320][CSTONE-463]","2025-01-22 16:13:31+00",167,110,2,True,False,"0.2692307692307692","0.2692307692307692","0.2692307692307692","2025-03-24 14:08:17.775761+00","4","4"
"185","aisepucrio/stnl-dataminer-api","59adc5d58615ad4420b297c2897d630240af9d0c","[feat] Adicionando tempo de espera no Token de search para ele resetar

JIRA: [CSTONE-320][CSTONE-463]","2025-01-22 17:52:07+00",108,49,1,True,False,"0.15","1","0.05","2025-03-24 14:08:18.417203+00","4","4"
"186","aisepucrio/stnl-dataminer-api","61e992901f1151a778ea54414dd82252b7b1e571","[fix] Consertando formato de um campo no banco","2025-01-22 18:36:52+00",19,1,2,True,False,NULL,NULL,NULL,"2025-03-24 14:08:19.007262+00","4","4"
"187","aisepucrio/stnl-dataminer-api","370e1b2591587a4a76584978f520b12e7c4bbb31","[logs][improv] Adicionando logs e tempo de esperar para resetar o token na mineração de PR","2025-01-22 20:09:13+00",135,46,1,True,False,"0","0","0","2025-03-24 14:08:19.224641+00","4","4"
"188","aisepucrio/stnl-dataminer-api","16d95a4397e5dd5f52bed38bebb7da3e1b73a298","[log] Melhorando organização dos logs","2025-01-27 19:16:13+00",40509,50,2,True,False,"1","1","1","2025-03-24 14:08:19.649485+00","4","4"
"189","aisepucrio/stnl-dataminer-api","d71609292517555237457522e866341547257412","[logs] Melhorando o log em relação ao limite de requisições do token","2025-01-27 20:04:20+00",43,40473,2,True,False,"0","0","0.1111111111111111","2025-03-24 14:08:20.690974+00","4","4"
"190","aisepucrio/stnl-dataminer-api","ec344ff57bc8e5ef7d136a9adc61944f26741bd7","[logs][improv] Melhorando log das PRs","2025-01-28 12:02:19+00",42,6,1,True,False,"0","0.75","0.75","2025-03-24 14:08:21.86208+00","4","4"
"191","aisepucrio/stnl-dataminer-api","dadadb9ade908af0b43d7e821b233b88966f6273","[logs][improv][feat] Melhorando log da mineração de PR e adicionando um consumidor de token","2025-01-28 12:50:09+00",127,56,2,True,False,"0","0.1935483870967742","0.1935483870967742","2025-03-24 14:08:22.419387+00","4","4"
"192","aisepucrio/stnl-dataminer-api","fb1e7342d131ab3bb76d32075844e6fc9f015608","[logs] Melhorando o log das PRs para ficar mais bonito e parecido com o de Issues","2025-01-28 16:41:44+00",185,209,3,True,False,"1","0.21739130434782608","0.782608695652174","2025-03-24 14:08:22.984499+00","4","4"
"193","aisepucrio/stnl-dataminer-api","f057ac43230b6788837ba91fb82a4135364dd611","[feat] Adicionando argparse no token_verifier","2025-01-28 16:58:31+00",15,1,2,True,False,NULL,NULL,NULL,"2025-03-24 14:08:23.682086+00","4","4"
"194","aisepucrio/stnl-dataminer-api","6b3dcface49f9b56fa081efac9d97e528821fe48","[feat] Tentando evitar ping pong de tokens durante a rotação","2025-01-28 18:01:51+00",84,20,1,True,False,"0","0","0.5777777777777777","2025-03-24 14:08:23.888079+00","4","4"
"195","aisepucrio/stnl-dataminer-api","3b463a199b08fd2614977d0f5dd1574007a383d8","[docs] Melhorando README","2025-01-29 16:26:47+00",1,1,1,True,False,NULL,NULL,NULL,"2025-03-24 14:08:24.462532+00","4","4"
"196","aisepucrio/stnl-dataminer-api","3937eb0dda231065b584441853a3cf1fc85acf7a","[docs] Adicionando tutoriais de download para as dependências

JIRA: [CSTONE-320][CSTONE-477]","2025-01-29 16:37:06+00",101,5,1,True,False,NULL,NULL,NULL,"2025-03-24 14:08:24.545641+00","4","4"
"197","aisepucrio/stnl-dataminer-api","00485c40f7de7b97e5efe86b0b7d8b292e1f6345","[fix] Evitando ping-pong de tokens

JIRA: [CSTONE-320][CSTONE-477]","2025-01-29 20:48:32+00",41,35,1,True,False,"0","0","0.8","2025-03-24 14:08:24.639885+00","4","4"
"198","aisepucrio/stnl-dataminer-api","30f1324e6058a97ed0ef7cda57a087c3b5fb4b3c","Merge branch 'fix/issues-mining' into development","2025-01-29 20:49:24+00",774,288,0,True,True,NULL,NULL,NULL,"2025-03-24 14:08:25.248968+00","4","4"
"199","aisepucrio/stnl-dataminer-api","b63c524bbe0c6efb9ff392131a1a0bba596b7ceb","Merge branch 'development'","2025-01-29 20:49:45+00",881,349,0,True,True,NULL,NULL,NULL,"2025-03-24 14:08:25.302471+00","4","4"
"200","aisepucrio/stnl-dataminer-api","9aeb930c85d62ac80aa672f497fc1ca5303b429c","[feat] Adiciona níveis de profundidade na mineração de Issues e PRs

- Implementa dois níveis de mineração (basic e complex)
- Adiciona parâmetro depth nas tasks do Celery
- Otimiza coleta de dados reduzindo chamadas à API no modo básico
- Mantém compatibilidade com funcionalidades existentes""","2025-02-17 16:23:58+00",158,118,4,True,False,"0.07407407407407407","0.25925925925925924","0.07407407407407407","2025-03-24 14:08:25.363021+00","4","4"
"201","aisepucrio/stnl-dataminer-api","4e19a4db4af9e2fd1f8fc1aa2b70b35b6bf41fa9","[improv] Adicionando mineração do body das Issues e PRs","2025-02-18 14:00:56+00",22,1,3,True,False,"0","0","0","2025-03-24 14:08:26.119701+00","4","4"
"202","aisepucrio/stnl-dataminer-api","52e6df5cad3ada8a6deae8d1cd164b14d960e2ab","[fix] Consertando data overlap para Pull Requests","2025-02-18 14:58:46+00",12,3,1,True,False,"0","0","0","2025-03-24 14:08:26.876321+00","4","4"
"203","aisepucrio/stnl-dataminer-api","26af0ee91deb012e4447ca79574a9dc3b7ad2ccb","[fix] Consertando data overlap para Issues","2025-02-18 15:01:47+00",5120,3,2,True,False,"0","0","0","2025-03-24 14:08:27.475803+00","4","4"
"204","aisepucrio/stnl-dataminer-api","1c03f358e150a7d4a042403971a763a7b33aef24","[feat] Iniciando aplicação para obter metadados de repositórios","2025-02-25 11:09:07+00",221,5115,8,True,False,"0.15306122448979592","0.6224489795918368","1","2025-03-24 14:08:28.178683+00","4","4"
"205","aisepucrio/stnl-dataminer-api","64abfe7aa1abaa189ba735244e699ab7d08853f6","[fix] Consertando problemas na mineração de metadados","2025-02-25 18:01:56+00",241,34,8,True,False,"0.8493150684931506","0.2876712328767123","0.3424657534246575","2025-03-24 14:08:29.594423+00","4","4"
"206","aisepucrio/stnl-dataminer-api","1915cb359f8b24e3807a5b56749595e5d9020088","[feat] Finalizando implementação do minerador de metadados","2025-02-26 18:24:13+00",134,33,6,True,False,"0.047619047619047616","0.3333333333333333","0","2025-03-24 14:08:30.737283+00","4","4"
"207","aisepucrio/stnl-dataminer-api","4dd292492776ed41811f65c72901d8f5f9c1e1db","[fix] Modificando as requisições de coleta do GitHub para serem POST e os parâmetros serem passados no body","2025-02-26 19:16:38+00",74,40,4,True,False,"0","1","1","2025-03-24 14:08:31.988828+00","4","4"
"208","aisepucrio/stnl-dataminer-api","e832db489da237d39694cfd39248c23f18744e48","[docs] Atualizando README com os novos tipos de URL e padronizando linguagem para inglês","2025-02-26 19:25:33+00",116,25,1,True,False,NULL,NULL,NULL,"2025-03-24 14:08:32.531264+00","4","4"
"209","aisepucrio/stnl-dataminer-api","4f92112cb02f27c4285559f9b057e5dc90d33ab8","[fix] Agora as tasks são canceladas com uma requisição do tipo DELETE","2025-02-26 19:38:20+00",20,10,4,True,False,NULL,NULL,NULL,"2025-03-24 14:08:32.634534+00","4","4"
"210","aisepucrio/stnl-dataminer-api","be7e8628b61f90903cb926fddc025f2ce79875d2","[docs] Mudando parte do README que estava em ptbr para inglês","2025-02-26 19:45:40+00",30,30,1,True,False,NULL,NULL,NULL,"2025-03-24 14:08:32.91125+00","4","4"
"211","aisepucrio/stnl-dataminer-api","3b52f445a4bb3c8482c22df678accaa9128df712","[feat] Adicionando timestamp na mineração de dados","2025-03-10 16:09:17+00",90,10,4,True,False,"0","0","0.2857142857142857","2025-03-24 14:08:32.998133+00","4","4"
"212","aisepucrio/stnl-dataminer-api","e7cbc5eae01a975877cbd764ff318a36d8bbaac6","[fix] Consertando erro aparente no timestamp na mineração de commits","2025-03-10 17:04:06+00",271,9,2,True,False,NULL,NULL,NULL,"2025-03-24 14:08:33.945046+00","4","4"
"213","aisepucrio/stnl-dataminer-api","7d73c0a0f5b5fa0bd534a9aa74f2ae70b8b2829b","Adiciona timestamp time_mined no minerador do Jira","2025-03-13 12:34:29+00",24,1,3,True,False,"0","0","0","2025-03-24 14:08:34.660703+00","10","10"
"214","aisepucrio/stnl-dataminer-api","aa23d01dcc4c05caa9d44ab840d58295c5d9b97c","[improv] Trocando jira email e jira api token da body da request para o arquivo.env","2025-03-13 13:49:20+00",76,31,4,True,False,"0","1","0","2025-03-24 14:08:35.058827+00","10","10"
"215","aisepucrio/stnl-dataminer-api","838641b7ea92d79e3b8cc568235ffac3361810d2","[fix] Unficando tabelas de issues e PRs","2025-03-17 18:42:38+00",618,488,8,True,False,"1","0.6153846153846154","0","2025-03-24 14:08:35.415004+00","4","4"
"216","aisepucrio/stnl-dataminer-api","056d61533a99c8ac92cdba60360740b31bc471c1","[feat] coletando commit do git dentro do jira","2025-03-18 13:51:41+00",58,5,5,True,False,"0","0.9","0.9","2025-03-24 14:08:36.795138+00","11","11"
"217","aisepucrio/stnl-dataminer-api","03fd2b10530928f16dcf3cf8f86fa6e2262cff3e","Merge branch 'commit-Jira' into development","2025-03-18 13:52:50+00",58,5,0,True,True,NULL,NULL,NULL,"2025-03-24 14:08:37.369254+00","11","11"
"218","aisepucrio/stnl-dataminer-api","8c6d3f3bc25d1f752f47a72317cfd1fdf486eebe","Merge remote-tracking branch 'origin/main' into commit-Jira","2025-03-18 14:01:47+00",618,488,0,True,True,NULL,NULL,NULL,"2025-03-24 14:08:37.394292+00","7","7"
"219","aisepucrio/stnl-dataminer-api","1d926e27ba8582aebe1035863914c2d053451461","Coletando commits git no jira","2025-03-20 13:18:12+00",46,8,3,True,False,"0.6","0","1","2025-03-24 14:08:37.455227+00","11","11"
"220","aisepucrio/stnl-dataminer-api","62bf691b3a9f7599430944813452b66db1b2db97","Merge branch 'commit-Jira' into development","2025-03-20 13:19:17+00",46,8,0,True,True,NULL,NULL,NULL,"2025-03-24 14:08:37.804598+00","11","11"
"221","aisepucrio/stnl-dataminer-api","e745b216b7e545a5d6854d487fd5ec0a1bfcfa0d","Ajustando o timestamp para dateTime","2025-03-20 14:23:52+00",30,43,6,True,False,NULL,NULL,NULL,"2025-03-24 14:08:37.83856+00","11","11"
